{
    "minEnvSubstrate": 23.0,
    "maxEnvSubstrate": 60.0,
    "richSpotsNumber": 0.3524545133113861,
    "richSpotsSize": 0.4380860924720764,
    "richSpotsDensity": 0.6105901598930359
}